{"0": [0.004461765289306641, 0.0005242824554443359, 0.0005249977111816406, 0.0005214214324951172, 0.0005257129669189453, 0.0005245208740234375, 0.0005218982696533203, 0.0005240440368652344, 0.0005254745483398438, 0.0016012191772460938, 0.001605987548828125, 0.0016040802001953125, 0.0016047954559326172, 0.0016069412231445312, 0.0016055107116699219, 0.0016036033630371094, 0.001607656478881836, 0.0005235671997070312, 0.0016033649444580078, 0.0016057491302490234, 0.0005245208740234375, 0.0016052722930908203, 0.0005269050598144531, 0.0005235671997070312, 0.0005235671997070312, 0.0015714168548583984, 0.0005240440368652344, 0.0005240440368652344, 0.0016074180603027344, 0.0005276203155517578, 0.0016052722930908203, 0.0016090869903564453, 0.001608133316040039, 0.03963971138000488, 0.0021865367889404297], "1": [0.004465341567993164, 0.0005209445953369141, 0.0005247592926025391, 0.0005211830139160156, 0.0005247592926025391, 0.0005207061767578125, 0.0005202293395996094, 0.0005252361297607422, 0.0005235671997070312, 0.001604318618774414, 0.001607656478881836, 0.0016047954559326172, 0.0016040802001953125, 0.0016050338745117188, 0.0016016960144042969, 0.0016055107116699219, 0.0016055107116699219, 0.0005249977111816406, 0.0005245208740234375, 0.0016031265258789062, 0.0016062259674072266, 0.0005249977111816406, 0.0005214214324951172, 0.0005261898040771484, 0.0005259513854980469, 0.0016021728515625, 0.001603841781616211, 0.0005214214324951172, 0.0005209445953369141, 0.0016071796417236328, 0.0016052722930908203, 0.0016028881072998047, 0.0016024112701416016, 0.03963613510131836, 0.0021865367889404297], "2": [0.004462242126464844, 0.0005211830139160156, 0.0005238056182861328, 0.0005240440368652344, 0.0005261898040771484, 0.0005245208740234375, 0.0005233287811279297, 0.0005247592926025391, 0.0005240440368652344, 0.0016057491302490234, 0.0016064643859863281, 0.0016057491302490234, 0.0016069412231445312, 0.001608133316040039, 0.001604318618774414, 0.0016045570373535156, 0.0016071796417236328, 0.0005276203155517578, 0.0005254745483398438, 0.0005240440368652344, 0.0016047954559326172, 0.0016074180603027344, 0.0005240440368652344, 0.0005240440368652344, 0.0005230903625488281, 0.0016062259674072266, 0.0016064643859863281, 0.0016047954559326172, 0.0005235671997070312, 0.0005247592926025391, 0.001607656478881836, 0.0016033649444580078, 0.0016052722930908203, 0.039638519287109375, 0.002187013626098633]}